FirstName;Initials;Lastname;Username;Email;StreetAddress;City;ZipCode;State;Country;Department;Password;Telephone;JobTitle;Company;OU
Elielson;EP;Baptista Paula;elielson.paula;elielson.paula@atos.net;Alameda dos Evangélicos;Belém;66825-437;BL;BR;IT;Q+/7_]Tc;(89) 3843-1812;Analista Senior;IT TEST;OU=Usuarios,DC=ambiente,DC=homologacao
Maria ;MS;Silva;maria.silva;maria.silva@atos.net;Rua L-13;Castanhal;68746-480;SP;BR;IT;B)CCyn6ya6@o;(28) 2894-7153;Analista Senior;IT TEST;OU=Usuarios,DC=ambiente,DC=homologacao
Paulo ;PS;Vasconcelos Silva;paulo.silva;paulo.silva@atos.net;Avenida Marechal Deodoro da Fonseca;Caldas Novas;75680-283;GO;BR;IT;ZMxnni_c#V6s;(68) 3545-4222;Analista Senior;IT TEST;OU=Usuarios,DC=ambiente,DC=homologacao
Theo ;TC;Vasgestian Cretella;theo.cretella;theo.cretella@atos.net;Vila de Fátima;Natal;59022-410;RN;BR;IT;rEj@F!VCnW=I;(61) 2511-7222;Analista Senior;IT TEST;OU=Usuarios,DC=ambiente,DC=homologacao
Emiliana ;EF;Ubaldo Ferreira;emiliana.ferreira ;emiliana.ferreira@atos.net;Rua Osmindo José de Oliveira;Teixeira de Freitas;69153-516;BA;BR;IT;7=ZZVMFJ#Ydb;(63) 2072-6541;Analista Senior;IT TEST;OU=Usuarios,DC=ambiente,DC=homologacao
Claudia;CM; Barellos Mendes;claudioa.mendes;claudioa.mendes@atos.net;Rua Almir Fofocas;Boa Vista;69316-576;RR;BR;IT;Uqvz#G#R=&fP;(91) 2764-9268;Analista Senior;IT TEST;OU=Usuarios,DC=ambiente,DC=homologacao
Larissa;LB;Diniz Barboza;larrisa.barbosa;larrisa.barbosa@atos.net;Rua T;Cuiabá;78096-404;MT;BR;IT;ML5gmBwzatS#;(42) 2210-4058;Analista Senior;IT TEST;OU=Usuarios,DC=ambiente,DC=homologacao
Fábio;FF;Meyer Faria;fabio.faria;fabio.faria@atos.net;Travessa Bicas;Campo Grande79117-031;;MS;BR;IT;U7b2z5$1ztRB;(66) 2400-0135;Analista Senior;IT TEST;OU=Usuarios,DC=ambiente,DC=homologacao
Cauê;CB;Sousa Barbosa;caue.barbosa;caue.barbosa@atos.net;Rua José Ulisses de Oliveira;Arapiraca;57308-145;AL;BR;IT;)*S(I48QaUWa;(21) 2874-8051;Analista Senior;IT TEST;OU=Usuarios,DC=ambiente,DC=homologacao
